"INITIAL_POD","Group_Name","GroupID","Config_Name"
22,"ACME COMPANY -35",35,"Initial Config"
22,"ACME COMPANY -45",45,"Initial Config"
22,"ACME COMPANY -46",46,"Initial Config"
21,"ACME COMPANY -63",63,"Initial Config"
22,"ACME COMPANY -70",70,"Initial Config"
24,"ACME COMPANY -118",118,"Initial Config"
22,"ACME COMPANY -119",119,"Initial Config"
21,"ACME COMPANY -124",124,"Initial Config"
21,"ACME COMPANY -126",126,"Initial Config"
21,"ACME COMPANY -141",141,"Initial Config"
21,"ACME COMPANY -143",143,"Initial Config"
21,"ACME COMPANY -169",169,"Initial Config"
2,"ACME COMPANY -182",182,"Initial Config"
17,"ACME COMPANY -190",190,"Initial Config"
17,"ACME COMPANY -198",198,"Initial Config"
17,"ACME COMPANY -199",199,"Initial Config"
4,"ACME COMPANY -203",203,"Initial Config"
1,"ACME COMPANY -208",208,"Initial Config"
4,"ACME COMPANY -218",218,"Initial Config"
17,"ACME COMPANY -225",225,"Initial Config"
7,"ACME COMPANY -226",226,"Initial Config"
5,"ACME COMPANY -227",227,"Initial Config"
24,"ACME COMPANY -233",233,"Initial Config"
8,"ACME COMPANY -235",235,"Initial Config"
4,"ACME COMPANY -245",245,"Initial Config"
4,"ACME COMPANY -249",249,"Initial Config"
1,"ACME COMPANY -250",250,"Initial Config"
13,"ACME COMPANY -251",251,"Initial Config"
12,"ACME COMPANY -252",252,"Initial Config"
12,"ACME COMPANY -253",253,"Initial Config"
24,"ACME COMPANY -254",254,"Initial Config"
1,"ACME COMPANY -255",255,"Initial Config"
16,"ACME COMPANY -257",257,"Initial Config"
4,"ACME COMPANY -259",259,"Initial Config"
8,"ACME COMPANY -260",260,"Initial Config"
4,"ACME COMPANY -264",264,"Initial Config"
5,"ACME COMPANY -267",267,"Initial Config"
17,"ACME COMPANY -268",268,"Initial Config"
5,"ACME COMPANY -269",269,"Initial Config"
11,"ACME COMPANY -271",271,"Initial Config"
13,"ACME COMPANY -272",272,"Initial Config"
11,"ACME COMPANY -274",274,"Initial Config"
6,"ACME COMPANY -276",276,"Initial Config"
7,"ACME COMPANY -277",277,"Initial Config"
15,"ACME COMPANY -278",278,"Initial Config"
11,"ACME COMPANY -280",280,"Initial Config"
24,"ACME COMPANY -281",281,"Initial Config"
5,"ACME COMPANY -282",282,"Initial Config"
21,"ACME COMPANY -283",283,"Initial Config"
5,"ACME COMPANY -285",285,"Initial Config"
12,"ACME COMPANY -286",286,"Initial Config"
23,"ACME COMPANY -287",287,"Initial Config"
8,"ACME COMPANY -290",290,"Initial Config"
12,"ACME COMPANY -292",292,"Initial Config"
17,"ACME COMPANY -293",293,"Initial Config"
2,"ACME COMPANY -294",294,"Initial Config"
21,"ACME COMPANY -299",299,"Initial Config"
3,"ACME COMPANY -300",300,"Initial Config"
23,"ACME COMPANY -301",301,"Initial Config"
14,"ACME COMPANY -302",302,"Initial Config"
17,"ACME COMPANY -303",303,"Initial Config"
8,"ACME COMPANY -305",305,"Initial Config"
2,"ACME COMPANY -306",306,"Initial Config"
14,"ACME COMPANY -307",307,"Initial Config"
14,"ACME COMPANY -308",308,"Initial Config"
8,"ACME COMPANY -309",309,"Initial Config"
9,"ACME COMPANY -310",310,"Initial Config"
8,"ACME COMPANY -311",311,"Initial Config"
8,"ACME COMPANY -312",312,"Initial Config"
1,"ACME COMPANY -313",313,"Initial Config"
15,"ACME COMPANY -314",314,"Initial Config"
9,"ACME COMPANY -315",315,"Initial Config"
20,"ACME COMPANY -316",316,"Initial Config"
8,"ACME COMPANY -317",317,"Initial Config"
1,"ACME COMPANY -318",318,"Initial Config"
6,"ACME COMPANY -319",319,"Initial Config"
8,"ACME COMPANY -321",321,"Initial Config"
2,"ACME COMPANY -322",322,"Initial Config"
5,"ACME COMPANY -323",323,"Initial Config"
2,"ACME COMPANY -325",325,"Initial Config"
24,"ACME COMPANY -326",326,"Initial Config"
5,"ACME COMPANY -328",328,"Initial Config"
12,"ACME COMPANY -330",330,"Initial Config"
11,"ACME COMPANY -331",331,"Initial Config"
21,"ACME COMPANY -332",332,"Initial Config"
16,"ACME COMPANY -334",334,"Initial Config"
16,"ACME COMPANY -336",336,"Initial Config"
16,"ACME COMPANY -337",337,"Initial Config"
16,"ACME COMPANY -338",338,"Initial Config"
16,"ACME COMPANY -339",339,"Initial Config"
16,"ACME COMPANY -340",340,"Initial Config"
16,"ACME COMPANY -342",342,"Initial Config"
16,"ACME COMPANY -343",343,"Initial Config"
16,"ACME COMPANY -348",348,"Initial Config"
5,"ACME COMPANY -349",349,"Initial Config"
16,"ACME COMPANY -350",350,"Initial Config"
3,"ACME COMPANY -351",351,"Initial Config"
3,"ACME COMPANY -352",352,"Initial Config"
16,"ACME COMPANY -353",353,"Initial Config"
12,"ACME COMPANY -355",355,"Initial Config"
5,"ACME COMPANY -356",356,"Initial Config"
16,"ACME COMPANY -361",361,"Initial Config"
1,"ACME COMPANY -362",362,"Initial Config"
3,"ACME COMPANY -364",364,"Initial Config"
3,"ACME COMPANY -366",366,"Initial Config"
22,"ACME COMPANY -368",368,"Initial Config"
24,"ACME COMPANY -370",370,"Initial Config"
8,"ACME COMPANY -373",373,"Initial Config"
10,"ACME COMPANY -374",374,"Initial Config"
21,"ACME COMPANY -375",375,"Initial Config"
21,"ACME COMPANY -376",376,"Initial Config"
12,"ACME COMPANY -377",377,"Initial Config"
6,"ACME COMPANY -378",378,"Initial Config"
5,"ACME COMPANY -379",379,"Initial Config"
3,"ACME COMPANY -380",380,"Initial Config"
15,"ACME COMPANY -382",382,"Initial Config"
10,"ACME COMPANY -383",383,"Initial Config"
10,"ACME COMPANY -384",384,"Initial Config"
2,"ACME COMPANY -385",385,"Initial Config"
17,"ACME COMPANY -387",387,"Initial Config"
2,"ACME COMPANY -389",389,"Initial Config"
15,"ACME COMPANY -390",390,"Initial Config"
17,"ACME COMPANY -391",391,"Initial Config"
4,"ACME COMPANY -392",392,"Initial Config"
21,"ACME COMPANY -394",394,"Initial Config"
10,"ACME COMPANY -396",396,"Initial Config"
22,"ACME COMPANY -398",398,"Initial Config"
16,"ACME COMPANY -401",401,"Initial Config"
16,"ACME COMPANY -408",408,"Initial Config"
16,"ACME COMPANY -409",409,"Initial Config"
16,"ACME COMPANY -413",413,"Initial Config"
16,"ACME COMPANY -414",414,"Initial Config"
16,"ACME COMPANY -416",416,"Initial Config"
4,"ACME COMPANY -419",419,"Initial Config"
21,"ACME COMPANY -421",421,"Initial Config"
17,"ACME COMPANY -436",436,"Initial Config"
9,"ACME COMPANY -437",437,"Initial Config"
17,"ACME COMPANY -438",438,"Initial Config"
16,"ACME COMPANY -439",439,"Initial Config"
9,"ACME COMPANY -441",441,"Initial Config"
6,"ACME COMPANY -442",442,"Initial Config"
17,"ACME COMPANY -443",443,"Initial Config"
16,"ACME COMPANY -445",445,"Initial Config"
17,"ACME COMPANY -446",446,"Initial Config"
3,"ACME COMPANY -447",447,"Initial Config"
19,"ACME COMPANY -448",448,"Initial Config"
22,"ACME COMPANY -449",449,"Initial Config"
22,"ACME COMPANY -450",450,"Initial Config"
3,"ACME COMPANY -452",452,"Initial Config"
20,"ACME COMPANY -453",453,"Initial Config"
21,"ACME COMPANY -454",454,"Initial Config"
18,"ACME COMPANY -456",456,"Initial Config"
2,"ACME COMPANY -458",458,"Initial Config"
16,"ACME COMPANY -459",459,"Initial Config"
16,"ACME COMPANY -460",460,"Initial Config"
23,"ACME COMPANY -461",461,"Initial Config"
5,"ACME COMPANY -463",463,"Initial Config"
6,"ACME COMPANY -464",464,"Initial Config"
2,"ACME COMPANY -465",465,"Initial Config"
20,"ACME COMPANY -466",466,"Initial Config"
2,"ACME COMPANY -467",467,"Initial Config"
20,"ACME COMPANY -469",469,"Initial Config"
10,"ACME COMPANY -470",470,"Initial Config"
22,"ACME COMPANY -471",471,"Initial Config"
21,"ACME COMPANY -472",472,"Initial Config"
4,"ACME COMPANY -473",473,"Initial Config"
21,"ACME COMPANY -474",474,"Initial Config"
10,"ACME COMPANY -476",476,"Initial Config"
1,"ACME COMPANY -478",478,"Initial Config"
23,"ACME COMPANY -479",479,"Initial Config"
4,"ACME COMPANY -480",480,"Initial Config"
11,"ACME COMPANY -481",481,"Initial Config"
4,"ACME COMPANY -482",482,"Initial Config"
4,"ACME COMPANY -483",483,"Initial Config"
20,"ACME COMPANY -484",484,"Initial Config"
24,"ACME COMPANY -485",485,"Initial Config"
24,"ACME COMPANY -486",486,"Initial Config"
1,"ACME COMPANY -487",487,"Initial Config"
6,"ACME COMPANY -488",488,"Initial Config"
12,"ACME COMPANY -489",489,"Initial Config"
15,"ACME COMPANY -490",490,"Initial Config"
21,"ACME COMPANY -491",491,"Initial Config"
19,"ACME COMPANY -492",492,"Initial Config"
5,"ACME COMPANY -494",494,"Initial Config"
2,"ACME COMPANY -495",495,"Initial Config"
16,"ACME COMPANY -496",496,"Initial Config"
16,"ACME COMPANY -497",497,"Initial Config"
16,"ACME COMPANY -498",498,"Initial Config"
17,"ACME COMPANY -500",500,"Initial Config"
16,"ACME COMPANY -502",502,"Initial Config"
16,"ACME COMPANY -503",503,"Initial Config"
16,"ACME COMPANY -504",504,"Initial Config"
16,"ACME COMPANY -505",505,"Initial Config"
3,"ACME COMPANY -506",506,"Initial Config"
3,"ACME COMPANY -507",507,"Initial Config"
12,"ACME COMPANY -508",508,"Initial Config"
19,"ACME COMPANY -1031",1031,"Initial Config"
10,"ACME COMPANY -1032",1032,"Initial Config"
24,"ACME COMPANY -1034",1034,"Initial Config"
24,"ACME COMPANY -1035",1035,"Initial Config"
14,"ACME COMPANY -1036",1036,"Initial Config"
24,"ACME COMPANY -1037",1037,"Initial Config"
12,"ACME COMPANY -1038",1038,"Initial Config"
11,"ACME COMPANY -1039",1039,"Initial Config"
10,"ACME COMPANY -1040",1040,"Initial Config"
10,"ACME COMPANY -1041",1041,"Initial Config"
16,"ACME COMPANY -1050",1050,"Initial Config"
16,"ACME COMPANY -1051",1051,"Initial Config"
16,"ACME COMPANY -1052",1052,"Initial Config"
1,"ACME COMPANY -208",208,"covid19"
1,"ACME COMPANY -250",250,"covid19"
1,"ACME COMPANY -255",255,"covid19"
1,"ACME COMPANY -313",313,"covid19"
1,"ACME COMPANY -318",318,"covid19"
1,"ACME COMPANY -362",362,"covid19"
1,"ACME COMPANY -478",478,"covid19"
1,"ACME COMPANY -487",487,"covid19"
2,"ACME COMPANY -182",182,"covid19"
2,"ACME COMPANY -294",294,"covid19"
2,"ACME COMPANY -306",306,"covid19"
2,"ACME COMPANY -322",322,"covid19"
2,"ACME COMPANY -325",325,"covid19"
2,"ACME COMPANY -385",385,"covid19"
2,"ACME COMPANY -389",389,"covid19"
2,"ACME COMPANY -458",458,"covid19"
2,"ACME COMPANY -465",465,"covid19"
2,"ACME COMPANY -467",467,"covid19"
2,"ACME COMPANY -495",495,"covid19"
3,"ACME COMPANY -300",300,"covid19"
3,"ACME COMPANY -351",351,"covid19"
3,"ACME COMPANY -352",352,"covid19"
3,"ACME COMPANY -364",364,"covid19"
3,"ACME COMPANY -366",366,"covid19"
3,"ACME COMPANY -380",380,"covid19"
3,"ACME COMPANY -447",447,"covid19"
3,"ACME COMPANY -452",452,"covid19"
3,"ACME COMPANY -506",506,"covid19"
3,"ACME COMPANY -507",507,"covid19"
4,"ACME COMPANY -203",203,"covid19"
4,"ACME COMPANY -218",218,"covid19"
4,"ACME COMPANY -245",245,"covid19"
4,"ACME COMPANY -249",249,"covid19"
4,"ACME COMPANY -259",259,"covid19"
4,"ACME COMPANY -264",264,"covid19"
4,"ACME COMPANY -392",392,"covid19"
4,"ACME COMPANY -419",419,"covid19"
4,"ACME COMPANY -473",473,"covid19"
4,"ACME COMPANY -480",480,"covid19"
4,"ACME COMPANY -482",482,"covid19"
4,"ACME COMPANY -483",483,"covid19"
5,"ACME COMPANY -227",227,"covid19"
5,"ACME COMPANY -267",267,"covid19"
5,"ACME COMPANY -269",269,"covid19"
5,"ACME COMPANY -282",282,"covid19"
5,"ACME COMPANY -285",285,"covid19"
5,"ACME COMPANY -323",323,"covid19"
5,"ACME COMPANY -328",328,"covid19"
5,"ACME COMPANY -349",349,"covid19"
5,"ACME COMPANY -356",356,"covid19"
5,"ACME COMPANY -379",379,"covid19"
5,"ACME COMPANY -463",463,"covid19"
5,"ACME COMPANY -494",494,"covid19"
6,"ACME COMPANY -276",276,"covid19"
6,"ACME COMPANY -319",319,"covid19"
6,"ACME COMPANY -378",378,"covid19"
6,"ACME COMPANY -442",442,"covid19"
6,"ACME COMPANY -464",464,"covid19"
6,"ACME COMPANY -488",488,"covid19"
7,"ACME COMPANY -226",226,"covid19"
7,"ACME COMPANY -277",277,"covid19"
8,"ACME COMPANY -235",235,"covid19"
8,"ACME COMPANY -260",260,"covid19"
8,"ACME COMPANY -290",290,"covid19"
8,"ACME COMPANY -305",305,"covid19"
8,"ACME COMPANY -309",309,"covid19"
8,"ACME COMPANY -311",311,"covid19"
8,"ACME COMPANY -312",312,"covid19"
8,"ACME COMPANY -317",317,"covid19"
8,"ACME COMPANY -321",321,"covid19"
8,"ACME COMPANY -373",373,"covid19"
9,"ACME COMPANY -441",441,"covid19"
10,"ACME COMPANY -374",374,"covid19"
10,"ACME COMPANY -383",383,"covid19"
10,"ACME COMPANY -384",384,"covid19"
10,"ACME COMPANY -396",396,"covid19"
10,"ACME COMPANY -470",470,"covid19"
10,"ACME COMPANY -476",476,"covid19"
10,"ACME COMPANY -1032",1032,"covid19"
10,"ACME COMPANY -1040",1040,"covid19"
10,"ACME COMPANY -1041",1041,"covid19"
11,"ACME COMPANY -271",271,"covid19"
11,"ACME COMPANY -274",274,"covid19"
11,"ACME COMPANY -280",280,"covid19"
11,"ACME COMPANY -331",331,"covid19"
11,"ACME COMPANY -481",481,"covid19"
11,"ACME COMPANY -1039",1039,"covid19"
12,"ACME COMPANY -252",252,"covid19"
12,"ACME COMPANY -253",253,"covid19"
12,"ACME COMPANY -286",286,"covid19"
12,"ACME COMPANY -292",292,"covid19"
12,"ACME COMPANY -330",330,"covid19"
12,"ACME COMPANY -355",355,"covid19"
12,"ACME COMPANY -377",377,"covid19"
12,"ACME COMPANY -489",489,"covid19"
12,"ACME COMPANY -508",508,"covid19"
12,"ACME COMPANY -1038",1038,"covid19"
13,"ACME COMPANY -251",251,"covid19"
13,"ACME COMPANY -272",272,"covid19"
14,"ACME COMPANY -302",302,"covid19"
14,"ACME COMPANY -307",307,"covid19"
14,"ACME COMPANY -308",308,"covid19"
14,"ACME COMPANY -1036",1036,"covid19"
15,"ACME COMPANY -278",278,"covid19"
15,"ACME COMPANY -314",314,"covid19"
15,"ACME COMPANY -382",382,"covid19"
15,"ACME COMPANY -390",390,"covid19"
15,"ACME COMPANY -490",490,"covid19"
16,"ACME COMPANY -257",257,"covid19"
16,"ACME COMPANY -334",334,"covid19"
16,"ACME COMPANY -336",336,"covid19"
16,"ACME COMPANY -337",337,"covid19"
16,"ACME COMPANY -338",338,"covid19"
16,"ACME COMPANY -339",339,"covid19"
16,"ACME COMPANY -340",340,"covid19"
16,"ACME COMPANY -342",342,"covid19"
16,"ACME COMPANY -343",343,"covid19"
16,"ACME COMPANY -348",348,"covid19"
16,"ACME COMPANY -350",350,"covid19"
16,"ACME COMPANY -353",353,"covid19"
16,"ACME COMPANY -361",361,"covid19"
16,"ACME COMPANY -401",401,"covid19"
16,"ACME COMPANY -408",408,"covid19"
16,"ACME COMPANY -409",409,"covid19"
16,"ACME COMPANY -413",413,"covid19"
16,"ACME COMPANY -414",414,"covid19"
16,"ACME COMPANY -416",416,"covid19"
16,"ACME COMPANY -439",439,"covid19"
16,"ACME COMPANY -445",445,"covid19"
16,"ACME COMPANY -459",459,"covid19"
16,"ACME COMPANY -460",460,"covid19"
16,"ACME COMPANY -496",496,"covid19"
16,"ACME COMPANY -497",497,"covid19"
16,"ACME COMPANY -498",498,"covid19"
16,"ACME COMPANY -502",502,"covid19"
16,"ACME COMPANY -503",503,"covid19"
16,"ACME COMPANY -504",504,"covid19"
16,"ACME COMPANY -505",505,"covid19"
16,"ACME COMPANY -1050",1050,"covid19"
16,"ACME COMPANY -1051",1051,"covid19"
16,"ACME COMPANY -1052",1052,"covid19"
17,"ACME COMPANY -437",437,"covid19"
17,"ACME COMPANY -315",315,"covid19"
17,"ACME COMPANY -310",310,"covid19"
17,"ACME COMPANY -190",190,"covid19"
17,"ACME COMPANY -198",198,"covid19"
17,"ACME COMPANY -199",199,"covid19"
17,"ACME COMPANY -225",225,"covid19"
17,"ACME COMPANY -268",268,"covid19"
17,"ACME COMPANY -293",293,"covid19"
17,"ACME COMPANY -303",303,"covid19"
17,"ACME COMPANY -387",387,"covid19"
17,"ACME COMPANY -391",391,"covid19"
17,"ACME COMPANY -436",436,"covid19"
17,"ACME COMPANY -438",438,"covid19"
17,"ACME COMPANY -443",443,"covid19"
17,"ACME COMPANY -446",446,"covid19"
17,"ACME COMPANY -500",500,"covid19"
18,"ACME COMPANY -456",456,"covid19"
19,"ACME COMPANY -448",448,"covid19"
19,"ACME COMPANY -492",492,"covid19"
19,"ACME COMPANY -1031",1031,"covid19"
20,"ACME COMPANY -316",316,"covid19"
20,"ACME COMPANY -453",453,"covid19"
20,"ACME COMPANY -466",466,"covid19"
20,"ACME COMPANY -469",469,"covid19"
20,"ACME COMPANY -484",484,"covid19"
21,"ACME COMPANY -63",63,"covid19"
21,"ACME COMPANY -124",124,"covid19"
21,"ACME COMPANY -126",126,"covid19"
21,"ACME COMPANY -141",141,"covid19"
21,"ACME COMPANY -143",143,"covid19"
21,"ACME COMPANY -169",169,"covid19"
21,"ACME COMPANY -283",283,"covid19"
21,"ACME COMPANY -299",299,"covid19"
21,"ACME COMPANY -332",332,"covid19"
21,"ACME COMPANY -375",375,"covid19"
21,"ACME COMPANY -376",376,"covid19"
21,"ACME COMPANY -394",394,"covid19"
21,"ACME COMPANY -421",421,"covid19"
21,"ACME COMPANY -454",454,"covid19"
21,"ACME COMPANY -472",472,"covid19"
21,"ACME COMPANY -474",474,"covid19"
21,"ACME COMPANY -491",491,"covid19"
22,"ACME COMPANY -35",35,"covid19"
22,"ACME COMPANY -45",45,"covid19"
22,"ACME COMPANY -46",46,"covid19"
22,"ACME COMPANY -70",70,"covid19"
22,"ACME COMPANY -119",119,"covid19"
22,"ACME COMPANY -368",368,"covid19"
22,"ACME COMPANY -398",398,"covid19"
22,"ACME COMPANY -449",449,"covid19"
22,"ACME COMPANY -450",450,"covid19"
22,"ACME COMPANY -471",471,"covid19"
23,"ACME COMPANY -287",287,"covid19"
23,"ACME COMPANY -301",301,"covid19"
23,"ACME COMPANY -461",461,"covid19"
23,"ACME COMPANY -479",479,"covid19"
24,"ACME COMPANY -118",118,"covid19"
24,"ACME COMPANY -233",233,"covid19"
24,"ACME COMPANY -254",254,"covid19"
24,"ACME COMPANY -281",281,"covid19"
24,"ACME COMPANY -326",326,"covid19"
24,"ACME COMPANY -370",370,"covid19"
24,"ACME COMPANY -485",485,"covid19"
24,"ACME COMPANY -486",486,"covid19"
24,"ACME COMPANY -1034",1034,"covid19"
24,"ACME COMPANY -1035",1035,"covid19"
24,"ACME COMPANY -1037",1037,"covid19"
1,"ACME COMPANY -208",208,"Fan"
1,"ACME COMPANY -250",250,"Fan"
1,"ACME COMPANY -255",255,"Fan"
1,"ACME COMPANY -313",313,"Fan"
1,"ACME COMPANY -318",318,"Fan"
1,"ACME COMPANY -362",362,"Fan"
1,"ACME COMPANY -478",478,"Fan"
1,"ACME COMPANY -487",487,"Fan"
2,"ACME COMPANY -182",182,"Fan"
2,"ACME COMPANY -294",294,"Fan"
2,"ACME COMPANY -306",306,"Fan"
2,"ACME COMPANY -322",322,"Fan"
2,"ACME COMPANY -325",325,"Fan"
2,"ACME COMPANY -385",385,"Fan"
2,"ACME COMPANY -389",389,"Fan"
2,"ACME COMPANY -458",458,"Fan"
2,"ACME COMPANY -465",465,"Fan"
2,"ACME COMPANY -467",467,"Fan"
2,"ACME COMPANY -495",495,"Fan"
3,"ACME COMPANY -300",300,"Fan"
3,"ACME COMPANY -351",351,"Fan"
3,"ACME COMPANY -352",352,"Fan"
3,"ACME COMPANY -364",364,"Fan"
3,"ACME COMPANY -366",366,"Fan"
3,"ACME COMPANY -380",380,"Fan"
3,"ACME COMPANY -447",447,"Fan"
3,"ACME COMPANY -452",452,"Fan"
3,"ACME COMPANY -506",506,"Fan"
3,"ACME COMPANY -507",507,"Fan"
4,"ACME COMPANY -203",203,"Fan"
4,"ACME COMPANY -218",218,"Fan"
4,"ACME COMPANY -245",245,"Fan"
4,"ACME COMPANY -249",249,"Fan"
4,"ACME COMPANY -259",259,"Fan"
4,"ACME COMPANY -264",264,"Fan"
4,"ACME COMPANY -392",392,"Fan"
4,"ACME COMPANY -419",419,"Fan"
4,"ACME COMPANY -473",473,"Fan"
4,"ACME COMPANY -480",480,"Fan"
4,"ACME COMPANY -482",482,"Fan"
4,"ACME COMPANY -483",483,"Fan"
5,"ACME COMPANY -227",227,"Fan"
5,"ACME COMPANY -267",267,"Fan"
5,"ACME COMPANY -269",269,"Fan"
5,"ACME COMPANY -282",282,"Fan"
5,"ACME COMPANY -285",285,"Fan"
5,"ACME COMPANY -323",323,"Fan"
5,"ACME COMPANY -328",328,"Fan"
5,"ACME COMPANY -349",349,"Fan"
5,"ACME COMPANY -356",356,"Fan"
5,"ACME COMPANY -379",379,"Fan"
5,"ACME COMPANY -463",463,"Fan"
5,"ACME COMPANY -494",494,"Fan"
6,"ACME COMPANY -276",276,"Fan"
6,"ACME COMPANY -319",319,"Fan"
6,"ACME COMPANY -378",378,"Fan"
6,"ACME COMPANY -442",442,"Fan"
6,"ACME COMPANY -464",464,"Fan"
6,"ACME COMPANY -488",488,"Fan"
7,"ACME COMPANY -226",226,"Fan"
7,"ACME COMPANY -277",277,"Fan"
8,"ACME COMPANY -235",235,"Fan"
8,"ACME COMPANY -260",260,"Fan"
8,"ACME COMPANY -290",290,"Fan"
8,"ACME COMPANY -305",305,"Fan"
8,"ACME COMPANY -309",309,"Fan"
8,"ACME COMPANY -311",311,"Fan"
8,"ACME COMPANY -312",312,"Fan"
8,"ACME COMPANY -317",317,"Fan"
8,"ACME COMPANY -321",321,"Fan"
8,"ACME COMPANY -373",373,"Fan"
9,"ACME COMPANY -310",310,"Fan"
9,"ACME COMPANY -315",315,"Fan"
9,"ACME COMPANY -437",437,"Fan"
9,"ACME COMPANY -441",441,"Fan"
10,"ACME COMPANY -374",374,"Fan"
10,"ACME COMPANY -383",383,"Fan"
10,"ACME COMPANY -384",384,"Fan"
10,"ACME COMPANY -396",396,"Fan"
10,"ACME COMPANY -470",470,"Fan"
10,"ACME COMPANY -476",476,"Fan"
10,"ACME COMPANY -1032",1032,"Fan"
10,"ACME COMPANY -1040",1040,"Fan"
10,"ACME COMPANY -1041",1041,"Fan"
11,"ACME COMPANY -271",271,"Fan"
11,"ACME COMPANY -274",274,"Fan"
11,"ACME COMPANY -280",280,"Fan"
11,"ACME COMPANY -331",331,"Fan"
11,"ACME COMPANY -481",481,"Fan"
11,"ACME COMPANY -1039",1039,"Fan"
12,"ACME COMPANY -252",252,"Fan"
12,"ACME COMPANY -253",253,"Fan"
12,"ACME COMPANY -286",286,"Fan"
12,"ACME COMPANY -292",292,"Fan"
12,"ACME COMPANY -330",330,"Fan"
12,"ACME COMPANY -355",355,"Fan"
12,"ACME COMPANY -377",377,"Fan"
12,"ACME COMPANY -489",489,"Fan"
12,"ACME COMPANY -508",508,"Fan"
12,"ACME COMPANY -1038",1038,"Fan"
13,"ACME COMPANY -251",251,"Fan"
13,"ACME COMPANY -272",272,"Fan"
14,"ACME COMPANY -302",302,"Fan"
14,"ACME COMPANY -307",307,"Fan"
14,"ACME COMPANY -308",308,"Fan"
14,"ACME COMPANY -1036",1036,"Fan"
15,"ACME COMPANY -278",278,"Fan"
15,"ACME COMPANY -314",314,"Fan"
15,"ACME COMPANY -382",382,"Fan"
15,"ACME COMPANY -390",390,"Fan"
15,"ACME COMPANY -490",490,"Fan"
16,"ACME COMPANY -257",257,"Fan"
16,"ACME COMPANY -334",334,"Fan"
16,"ACME COMPANY -336",336,"Fan"
16,"ACME COMPANY -337",337,"Fan"
16,"ACME COMPANY -338",338,"Fan"
16,"ACME COMPANY -339",339,"Fan"
16,"ACME COMPANY -340",340,"Fan"
16,"ACME COMPANY -342",342,"Fan"
16,"ACME COMPANY -343",343,"Fan"
16,"ACME COMPANY -348",348,"Fan"
16,"ACME COMPANY -350",350,"Fan"
16,"ACME COMPANY -353",353,"Fan"
16,"ACME COMPANY -361",361,"Fan"
16,"ACME COMPANY -401",401,"Fan"
16,"ACME COMPANY -408",408,"Fan"
16,"ACME COMPANY -409",409,"Fan"
16,"ACME COMPANY -413",413,"Fan"
16,"ACME COMPANY -414",414,"Fan"
16,"ACME COMPANY -416",416,"Fan"
16,"ACME COMPANY -439",439,"Fan"
16,"ACME COMPANY -445",445,"Fan"
16,"ACME COMPANY -459",459,"Fan"
16,"ACME COMPANY -460",460,"Fan"
16,"ACME COMPANY -496",496,"Fan"
16,"ACME COMPANY -498",498,"Fan"
16,"ACME COMPANY -503",503,"Fan"
16,"ACME COMPANY -504",504,"Fan"
16,"ACME COMPANY -505",505,"Fan"
16,"ACME COMPANY -1051",1051,"Fan"
16,"ACME COMPANY -1052",1052,"Fan"
17,"ACME COMPANY -190",190,"Fan"
17,"ACME COMPANY -198",198,"Fan"
17,"ACME COMPANY -199",199,"Fan"
17,"ACME COMPANY -225",225,"Fan"
17,"ACME COMPANY -268",268,"Fan"
17,"ACME COMPANY -293",293,"Fan"
17,"ACME COMPANY -303",303,"Fan"
17,"ACME COMPANY -387",387,"Fan"
17,"ACME COMPANY -391",391,"Fan"
17,"ACME COMPANY -436",436,"Fan"
17,"ACME COMPANY -438",438,"Fan"
17,"ACME COMPANY -443",443,"Fan"
17,"ACME COMPANY -446",446,"Fan"
17,"ACME COMPANY -500",500,"Fan"
18,"ACME COMPANY -456",456,"Fan"
19,"ACME COMPANY -448",448,"Fan"
19,"ACME COMPANY -492",492,"Fan"
19,"ACME COMPANY -1031",1031,"Fan"
20,"ACME COMPANY -316",316,"Fan"
20,"ACME COMPANY -453",453,"Fan"
20,"ACME COMPANY -466",466,"Fan"
20,"ACME COMPANY -469",469,"Fan"
20,"ACME COMPANY -484",484,"Fan"
21,"ACME COMPANY -63",63,"Fan"
21,"ACME COMPANY -124",124,"Fan"
21,"ACME COMPANY -126",126,"Fan"
21,"ACME COMPANY -141",141,"Fan"
21,"ACME COMPANY -143",143,"Fan"
21,"ACME COMPANY -169",169,"Fan"
21,"ACME COMPANY -283",283,"Fan"
21,"ACME COMPANY -299",299,"Fan"
21,"ACME COMPANY -332",332,"Fan"
21,"ACME COMPANY -375",375,"Fan"
21,"ACME COMPANY -376",376,"Fan"
21,"ACME COMPANY -394",394,"Fan"
21,"ACME COMPANY -421",421,"Fan"
21,"ACME COMPANY -454",454,"Fan"
21,"ACME COMPANY -472",472,"Fan"
21,"ACME COMPANY -474",474,"Fan"
21,"ACME COMPANY -491",491,"Fan"
22,"ACME COMPANY -35",35,"Fan"
22,"ACME COMPANY -45",45,"Fan"
22,"ACME COMPANY -46",46,"Fan"
22,"ACME COMPANY -70",70,"Fan"
22,"ACME COMPANY -119",119,"Fan"
22,"ACME COMPANY -368",368,"Fan"
22,"ACME COMPANY -398",398,"Fan"
22,"ACME COMPANY -449",449,"Fan"
22,"ACME COMPANY -450",450,"Fan"
22,"ACME COMPANY -471",471,"Fan"
23,"ACME COMPANY -287",287,"Fan"
23,"ACME COMPANY -301",301,"Fan"
23,"ACME COMPANY -461",461,"Fan"
23,"ACME COMPANY -479",479,"Fan"
24,"ACME COMPANY -118",118,"Fan"
24,"ACME COMPANY -233",233,"Fan"
24,"ACME COMPANY -254",254,"Fan"
24,"ACME COMPANY -281",281,"Fan"
24,"ACME COMPANY -326",326,"Fan"
24,"ACME COMPANY -370",370,"Fan"
24,"ACME COMPANY -485",485,"Fan"
24,"ACME COMPANY -486",486,"Fan"
24,"ACME COMPANY -1034",1034,"Fan"
24,"ACME COMPANY -1035",1035,"Fan"
24,"ACME COMPANY -1037",1037,"Fan"
25,"ACME COMPANY -497",497,"Fan"
25,"ACME COMPANY -502",502,"Fan"
26,"ACME COMPANY -1050",1050,"Fan"
